what,kind,bundleId,bundleVersion,description,time
activated,perspective,org.eclipse.jdt.ui,,"org.eclipse.jdt.ui.JavaPerspective",1318313552359
started,bundle,org.eclipse.osgi,3.7.0.v20110613,"org.eclipse.osgi",1318313552359
started,bundle,org.eclipse.equinox.simpleconfigurator,1.0.200.v20110502-1955,"org.eclipse.equinox.simpleconfigurator",1318313552375
started,bundle,com.ibm.icu,4.4.2.v20110208,"com.ibm.icu",1318313552375
started,bundle,org.eclipse.core.contenttype,3.4.100.v20110423-0524,"org.eclipse.core.contenttype",1318313552375
started,bundle,org.eclipse.core.databinding.observable,1.4.0.I20110222-0800,"org.eclipse.core.databinding.observable",1318313552375
started,bundle,org.eclipse.core.expressions,3.4.300.v20110228,"org.eclipse.core.expressions",1318313552375
started,bundle,org.eclipse.core.filebuffers,3.5.200.v20110505-0800,"org.eclipse.core.filebuffers",1318313552375
started,bundle,org.eclipse.core.jobs,3.5.100.v20110404,"org.eclipse.core.jobs",1318313552375
started,bundle,org.eclipse.core.net,1.2.100.I20110511-0800,"org.eclipse.core.net",1318313552375
started,bundle,org.eclipse.core.resources,3.7.100.v20110510-0712,"org.eclipse.core.resources",1318313552375
started,bundle,org.eclipse.core.runtime,3.7.0.v20110110,"org.eclipse.core.runtime",1318313552375
started,bundle,org.eclipse.core.runtime.compatibility,3.2.100.v20100505,"org.eclipse.core.runtime.compatibility",1318313552375
started,bundle,org.eclipse.core.runtime.compatibility.auth,3.2.200.v20110110,"org.eclipse.core.runtime.compatibility.auth",1318313552375
started,bundle,org.eclipse.epp.mpc.ui,1.1.0.I20110525-0742,"org.eclipse.epp.mpc.ui",1318313552375
started,bundle,org.eclipse.epp.usagedata.gathering,1.3.1.R201106061540,"org.eclipse.epp.usagedata.gathering",1318313552390
started,bundle,org.eclipse.epp.usagedata.recording,1.3.1.R201106061540,"org.eclipse.epp.usagedata.recording",1318313552390
started,bundle,org.eclipse.equinox.app,1.3.100.v20110321,"org.eclipse.equinox.app",1318313552390
started,bundle,org.eclipse.equinox.common,3.6.0.v20110523,"org.eclipse.equinox.common",1318313552390
started,bundle,org.eclipse.equinox.ds,1.3.0.v20110502,"org.eclipse.equinox.ds",1318313552390
started,bundle,org.eclipse.equinox.event,1.2.100.v20110502,"org.eclipse.equinox.event",1318313552390
started,bundle,org.eclipse.equinox.p2.artifact.repository,1.1.100.v20110519,"org.eclipse.equinox.p2.artifact.repository",1318313552390
started,bundle,org.eclipse.equinox.p2.core,2.1.0.v20110502-1955,"org.eclipse.equinox.p2.core",1318313552390
started,bundle,org.eclipse.equinox.p2.director,2.1.0.v20110504-1715,"org.eclipse.equinox.p2.director",1318313552390
started,bundle,org.eclipse.equinox.p2.directorywatcher,1.0.300.v20110502-1955,"org.eclipse.equinox.p2.directorywatcher",1318313552390
started,bundle,org.eclipse.equinox.p2.engine,2.1.0.v20110511,"org.eclipse.equinox.p2.engine",1318313552390
started,bundle,org.eclipse.equinox.p2.extensionlocation,1.2.100.v20110510,"org.eclipse.equinox.p2.extensionlocation",1318313552390
started,bundle,org.eclipse.equinox.p2.garbagecollector,1.0.200.v20110510,"org.eclipse.equinox.p2.garbagecollector",1318313552390
started,bundle,org.eclipse.equinox.p2.metadata,2.1.0.v20110510,"org.eclipse.equinox.p2.metadata",1318313552390
started,bundle,org.eclipse.equinox.p2.metadata.repository,1.2.0.v20110511-1359,"org.eclipse.equinox.p2.metadata.repository",1318313552390
started,bundle,org.eclipse.equinox.p2.operations,2.1.0.v20110511-1821,"org.eclipse.equinox.p2.operations",1318313552390
started,bundle,org.eclipse.equinox.p2.publisher,1.2.0.v20110511,"org.eclipse.equinox.p2.publisher",1318313552390
started,bundle,org.eclipse.equinox.p2.publisher.eclipse,1.0.0.v20110511,"org.eclipse.equinox.p2.publisher.eclipse",1318313552453
started,bundle,org.eclipse.equinox.p2.reconciler.dropins,1.1.100.v20110510,"org.eclipse.equinox.p2.reconciler.dropins",1318313552453
started,bundle,org.eclipse.equinox.p2.repository,2.1.0.v20110601,"org.eclipse.equinox.p2.repository",1318313552453
started,bundle,org.eclipse.equinox.p2.touchpoint.eclipse,2.1.0.v20110511,"org.eclipse.equinox.p2.touchpoint.eclipse",1318313552453
started,bundle,org.eclipse.equinox.p2.ui.sdk.scheduler,1.0.100.v20110502-1955,"org.eclipse.equinox.p2.ui.sdk.scheduler",1318313552453
started,bundle,org.eclipse.equinox.p2.updatechecker,1.1.200.v20110502-1955,"org.eclipse.equinox.p2.updatechecker",1318313552453
started,bundle,org.eclipse.equinox.preferences,3.4.0.v20110502,"org.eclipse.equinox.preferences",1318313552453
started,bundle,org.eclipse.equinox.registry,3.5.100.v20110502,"org.eclipse.equinox.registry",1318313552468
started,bundle,org.eclipse.equinox.security,1.1.0.v20110502,"org.eclipse.equinox.security",1318313552578
started,bundle,org.eclipse.equinox.util,1.0.300.v20110502,"org.eclipse.equinox.util",1318313552578
started,bundle,org.eclipse.help,3.5.100.v20110426,"org.eclipse.help",1318313552578
started,bundle,org.eclipse.jdt.core,3.7.0.v_B61,"org.eclipse.jdt.core",1318313552593
started,bundle,org.eclipse.jdt.core.manipulation,1.4.0.v20110505-0800,"org.eclipse.jdt.core.manipulation",1318313552593
started,bundle,org.eclipse.jdt.ui,3.7.0.v20110531-1200,"org.eclipse.jdt.ui",1318313552828
started,bundle,org.eclipse.jface,3.7.0.I20110522-1430,"org.eclipse.jface",1318313552828
started,bundle,org.eclipse.mylyn.bugzilla.core,3.6.0.v20110608-1400,"org.eclipse.mylyn.bugzilla.core",1318313552828
started,bundle,org.eclipse.mylyn.bugzilla.ui,3.6.0.v20110608-1400,"org.eclipse.mylyn.bugzilla.ui",1318313552828
started,bundle,org.eclipse.mylyn.commons.identity,0.8.0.v20110608-1400,"org.eclipse.mylyn.commons.identity",1318313552828
started,bundle,org.eclipse.mylyn.commons.net,3.6.0.v20110608-1400,"org.eclipse.mylyn.commons.net",1318313552828
started,bundle,org.eclipse.mylyn.commons.ui,3.6.0.v20110608-1400,"org.eclipse.mylyn.commons.ui",1318313552828
started,bundle,org.eclipse.mylyn.context.core,3.6.0.v20110608-1400,"org.eclipse.mylyn.context.core",1318313552843
started,bundle,org.eclipse.mylyn.context.ui,3.6.0.v20110608-1400,"org.eclipse.mylyn.context.ui",1318313552843
started,bundle,org.eclipse.mylyn.monitor.ui,3.6.0.v20110608-1400,"org.eclipse.mylyn.monitor.ui",1318313552843
started,bundle,org.eclipse.mylyn.tasks.ui,3.6.0.v20110608-1400,"org.eclipse.mylyn.tasks.ui",1318313552921
started,bundle,org.eclipse.mylyn.team.ui,3.6.0.v20110608-1400,"org.eclipse.mylyn.team.ui",1318313552921
started,bundle,org.eclipse.pde.launching,3.6.0.v20110506,"org.eclipse.pde.launching",1318313552921
started,bundle,org.eclipse.pde.ui,3.6.100.v20110603,"org.eclipse.pde.ui",1318313552937
started,bundle,org.eclipse.search,3.7.0.v20110505-0800,"org.eclipse.search",1318313552953
started,bundle,org.eclipse.team.core,3.6.0.I20110525-0800,"org.eclipse.team.core",1318313552953
started,bundle,org.eclipse.ui,3.7.0.I20110602-0100,"org.eclipse.ui",1318313552953
started,bundle,org.eclipse.ui.editors,3.7.0.v20110517-0800,"org.eclipse.ui.editors",1318313552953
started,bundle,org.eclipse.ui.forms,3.5.100.v20110425,"org.eclipse.ui.forms",1318313552953
started,bundle,org.eclipse.ui.ide,3.7.0.I20110519-0100,"org.eclipse.ui.ide",1318313553046
started,bundle,org.eclipse.ui.intro,3.4.100.v20110425,"org.eclipse.ui.intro",1318313553046
started,bundle,org.eclipse.ui.intro.universal,3.2.500.v20110510,"org.eclipse.ui.intro.universal",1318313553046
started,bundle,org.eclipse.ui.net,1.2.100.I20110511-0800,"org.eclipse.ui.net",1318313553046
started,bundle,org.eclipse.ui.views,3.6.0.I20110412-0800,"org.eclipse.ui.views",1318313553046
started,bundle,org.eclipse.ui.views.log,1.0.200.v20110404,"org.eclipse.ui.views.log",1318313553046
started,bundle,org.eclipse.ui.workbench,3.7.0.I20110519-0100,"org.eclipse.ui.workbench",1318313553046
started,bundle,org.eclipse.ui.workbench.texteditor,3.7.0.v20110505-0800,"org.eclipse.ui.workbench.texteditor",1318313553046
started,bundle,org.eclipse.update.configurator,3.3.100.v20100512,"org.eclipse.update.configurator",1318313553046
started,bundle,org.eclipse.update.scheduler,3.2.300.v20100512,"org.eclipse.update.scheduler",1318313553046
started,bundle,org.tigris.subversion.clientadapter,1.6.12,"org.tigris.subversion.clientadapter",1318313553046
started,bundle,org.tigris.subversion.subclipse.core,1.6.18,"org.tigris.subversion.subclipse.core",1318313553046
started,bundle,org.tigris.subversion.subclipse.mylyn,3.0.0,"org.tigris.subversion.subclipse.mylyn",1318313553046
os,sysinfo,,,"win32",1318313553046
arch,sysinfo,,,"x86",1318313553046
ws,sysinfo,,,"win32",1318313553046
locale,sysinfo,,,"de_DE",1318313553046
processors,sysinfo,,,"2",1318313553046
java.runtime.name,sysinfo,,,"Java(TM) SE Runtime Environment",1318313553046
java.runtime.version,sysinfo,,,"1.6.0_26-b03",1318313553046
java.specification.name,sysinfo,,,"Java Platform API Specification",1318313553046
java.specification.vendor,sysinfo,,,"Sun Microsystems Inc.",1318313553046
java.specification.version,sysinfo,,,"1.6",1318313553046
java.vendor,sysinfo,,,"Sun Microsystems Inc.",1318313553046
java.version,sysinfo,,,"1.6.0_26",1318313553046
java.vm.info,sysinfo,,,"mixed mode",1318313553046
java.vm.name,sysinfo,,,"Java HotSpot(TM) Client VM",1318313553046
java.vm.specification.name,sysinfo,,,"Java Virtual Machine Specification",1318313553046
java.vm.specification.vendor,sysinfo,,,"Sun Microsystems Inc.",1318313553046
java.vm.specification.version,sysinfo,,,"1.0",1318313553046
java.vm.vendor,sysinfo,,,"Sun Microsystems Inc.",1318313553046
java.vm.version,sysinfo,,,"20.1-b02",1318313553046
started,bundle,org.eclipse.update.core,3.2.500.v20110330,"org.eclipse.update.core",1318313553343
started,bundle,org.tigris.subversion.subclipse.tools.usage,1.0.1,"org.tigris.subversion.subclipse.tools.usage",1318313553468
started,bundle,org.eclipse.jsch.core,1.1.300.I20110514-0800,"org.eclipse.jsch.core",1318313556109
started,bundle,org.eclipse.team.cvs.core,3.3.400.I20110510-0800,"org.eclipse.team.cvs.core",1318313556109
started,bundle,org.eclipse.team.ui,3.6.100.I20110525-0800,"org.eclipse.team.ui",1318313556578
started,bundle,org.eclipse.ui.console,3.5.100.v20110511,"org.eclipse.ui.console",1318313556765
started,bundle,org.eclipse.team.cvs.ui,3.3.400.I20110510-0800,"org.eclipse.team.cvs.ui",1318313556890
deactivated,workbench,org.eclipse.ui.workbench,3.7.0.I20110519-0100,"",1318313556937
activated,workbench,org.eclipse.ui.workbench,3.7.0.I20110519-0100,"",1318313626953
deactivated,workbench,org.eclipse.ui.workbench,3.7.0.I20110519-0100,"",1318313646875
activated,workbench,org.eclipse.ui.workbench,3.7.0.I20110519-0100,"",1318313648796
closed,workbench,org.eclipse.ui.workbench,3.7.0.I20110519-0100,"",1318313649109
started,bundle,org.eclipse.core.filesystem,1.3.100.v20110423-0524,"org.eclipse.core.filesystem",1318313649484
started,bundle,org.eclipse.compare.core,3.5.200.I20110208-0800,"org.eclipse.compare.core",1318313650093
started,bundle,org.eclipse.compare,3.5.200.I20110525-0800,"org.eclipse.compare",1318313650109
stopped,bundle,org.eclipse.mylyn.ide.ant,3.6.0.v20110608-1400,"org.eclipse.mylyn.ide.ant",1318313650937
stopped,bundle,org.eclipse.emf.eef.codegen.ecore,1.0.0.v20110608-0819,"org.eclipse.emf.eef.codegen.ecore",1318313650937
