<?xml version="1.0" encoding="UTF-8"?>
<section name="Workbench">
	<section name="org.eclipse.ui.internal.QuickAccess">
		<item value="668" key="dialogHeight"/>
		<item value="1152" key="dialogWidth"/>
		<list key="textEntries">
		</list>
		<list key="orderedElements">
		</list>
		<list key="orderedProviders">
		</list>
		<list key="textArray">
		</list>
	</section>
	<section name="ShowViewDialog">
		<item value="392" key="DIALOG_WIDTH"/>
		<item value="1|Segoe UI|9.0|0|WINDOWS|1|-15|0|0|0|400|0|0|0|1|0|0|0|0|Segoe UI" key="DIALOG_FONT_NAME"/>
		<item value="org.eclipse.debug.ui.BreakpointView" key="ShowViewDialog.STORE_SELECTED_VIEW_ID"/>
		<item value="477" key="DIALOG_HEIGHT"/>
		<item value="316" key="DIALOG_X_ORIGIN"/>
		<item value="66" key="DIALOG_Y_ORIGIN"/>
		<list key="ShowViewDialog.STORE_EXPANDED_CATEGORIES_ID">
			<item value="org.eclipse.debug.ui"/>
		</list>
	</section>
</section>
