<?xml version="1.0" encoding="UTF-8"?>
<workbench progressCount="27" version="2.0">
<workbenchAdvisor/>
<window height="738" width="1024" x="0" y="0">
<fastViewData fastViewLocation="1024"/>
<intro standby="false"/>
<perspectiveBar>
<itemSize x="160"/>
</perspectiveBar>
<coolbarLayout>
<coolItem id="group.file" itemType="typeGroupMarker"/>
<coolItem id="org.eclipse.ui.workbench.file" itemType="typeToolBarContribution" x="122" y="22"/>
<coolItem id="additions" itemType="typeGroupMarker"/>
<coolItem id="org.eclipse.debug.ui.launchActionSet" itemType="typeToolBarContribution" x="124" y="22"/>
<coolItem id="org.eclipse.jdt.ui.JavaElementCreationActionSet" itemType="typeToolBarContribution" x="74" y="22"/>
<coolItem id="org.eclipse.search.searchActionSet" itemType="typeToolBarContribution" x="122" y="22"/>
<coolItem id="org.eclipse.wst.xml.ui.perspective.NewFileToolBar" itemType="typeToolBarContribution" x="-1" y="-1"/>
<coolItem id="org.eclipse.wst.xml.ui.design.DesignToolBar" itemType="typeToolBarContribution" x="-1" y="-1"/>
<coolItem id="org.eclipse.amalgam.discovery.modeling.toolbars.sampleToolbar" itemType="typeToolBarContribution" x="37" y="22"/>
<coolItem id="group.nav" itemType="typeGroupMarker"/>
<coolItem id="org.eclipse.ui.workbench.navigate" itemType="typeToolBarContribution" x="185" y="22"/>
<coolItem id="group.editor" itemType="typeGroupMarker"/>
<coolItem id="group.help" itemType="typeGroupMarker"/>
<coolItem id="org.eclipse.ui.workbench.help" itemType="typeToolBarContribution" x="-1" y="-1"/>
</coolbarLayout>
<page aggregateWorkingSetId="Aggregate for window 1318313536687" focus="true" label="Workspace - Java">
<editors>
<editorArea activeWorkbook="DefaultEditorWorkbook">
<info part="DefaultEditorWorkbook">
<folder appearance="1" expanded="2">
<presentation id="org.eclipse.ui.presentations.WorkbenchPresentationFactory"/>
</folder>
</info>
</editorArea>
</editors>
<views>
<view id="org.eclipse.ui.views.ProblemView" partName="Problems">
<viewState PRIMARY_SORT_FIELD="org.eclipse.ui.ide.severityAndDescriptionField" categoryGroup="org.eclipse.ui.ide.severity" markerContentGenerator="org.eclipse.ui.ide.problemsGenerator" partName="Problems">
<columnWidths org.eclipse.ui.ide.locationField="75" org.eclipse.ui.ide.markerType="75" org.eclipse.ui.ide.pathField="100" org.eclipse.ui.ide.resourceField="75" org.eclipse.ui.ide.severityAndDescriptionField="250"/>
<visible IMemento.internal.id="org.eclipse.ui.ide.severityAndDescriptionField"/>
<visible IMemento.internal.id="org.eclipse.ui.ide.resourceField"/>
<visible IMemento.internal.id="org.eclipse.ui.ide.pathField"/>
<visible IMemento.internal.id="org.eclipse.ui.ide.locationField"/>
<visible IMemento.internal.id="org.eclipse.ui.ide.markerType"/>
</viewState>
</view>
<view id="org.eclipse.jdt.ui.PackageExplorer" partName="Package Explorer">
<viewState group_libraries="1" layout="2" linkWithEditor="0" rootMode="1" workingSetName="">
<customFilters userDefinedPatternsEnabled="false">
<xmlDefinedFilters>
<child filterId="org.eclipse.jdt.ui.PackageExplorer.LibraryFilter" isEnabled="false"/>
<child filterId="org.eclipse.jdt.ui.PackageExplorer.LocalTypesFilter" isEnabled="false"/>
<child filterId="org.eclipse.jdt.ui.PackageExplorer.StaticsFilter" isEnabled="false"/>
<child filterId="org.eclipse.pde.ui.ExternalPluginLibrariesFilter1" isEnabled="true"/>
<child filterId="org.eclipse.jdt.ui.PackageExplorer.ClosedProjectsFilter" isEnabled="false"/>
<child filterId="org.eclipse.jdt.ui.PackageExplorer.NonSharedProjectsFilter" isEnabled="false"/>
<child filterId="org.eclipse.jdt.ui.PackageExplorer.NonJavaElementFilter" isEnabled="false"/>
<child filterId="org.eclipse.jdt.ui.PackageExplorer.ContainedLibraryFilter" isEnabled="false"/>
<child filterId="org.eclipse.jdt.ui.PackageExplorer.CuAndClassFileFilter" isEnabled="false"/>
<child filterId="org.eclipse.jdt.ui.PackageExplorer.NonJavaProjectsFilter" isEnabled="false"/>
<child filterId="org.eclipse.jdt.internal.ui.PackageExplorer.EmptyInnerPackageFilter" isEnabled="true"/>
<child filterId="org.eclipse.jdt.ui.PackageExplorer.PackageDeclarationFilter" isEnabled="true"/>
<child filterId="org.eclipse.jdt.internal.ui.PackageExplorer.EmptyPackageFilter" isEnabled="false"/>
<child filterId="org.eclipse.jdt.ui.PackageExplorer.ImportDeclarationFilter" isEnabled="true"/>
<child filterId="org.eclipse.jdt.ui.PackageExplorer.FieldsFilter" isEnabled="false"/>
<child filterId="org.eclipse.jdt.internal.ui.PackageExplorer.HideInnerClassFilesFilter" isEnabled="true"/>
<child filterId="org.eclipse.jdt.ui.PackageExplorer.NonPublicFilter" isEnabled="false"/>
<child filterId="org.eclipse.jdt.ui.PackageExplorer_patternFilterId_.*" isEnabled="true"/>
<child filterId="org.eclipse.jdt.ui.PackageExplorer.EmptyLibraryContainerFilter" isEnabled="true"/>
<child filterId="org.eclipse.pde.ui.BinaryProjectFilter1" isEnabled="false"/>
<child filterId="org.eclipse.jdt.ui.PackageExplorer.SyntheticMembersFilter" isEnabled="true"/>
<child filterId="org.eclipse.mylyn.java.ui.MembersFilter" isEnabled="false"/>
</xmlDefinedFilters>
</customFilters>
</viewState>
</view>
<view id="org.eclipse.ui.internal.introview" partName="Welcome">
<viewState>
<presentation currentPage="root" restore="true"/>
<standbyPart/>
</viewState>
</view>
<view id="org.eclipse.mylyn.tasks.ui.views.tasks" partName="Task List">
<viewState linkWithEditor="true" presentation="org.eclipse.mylyn.tasks.ui.categorized">
<sorter groupBy="CATEGORY_QUERY">
<sorter>
<sort0 sortDirection="1" sortKey="PRIORITY"/>
<sort1 sortDirection="1" sortKey="RANK"/>
<sort2 sortDirection="1" sortKey="DATE_CREATED"/>
<sort3 sortDirection="1" sortKey="NONE"/>
<sort4 sortDirection="1" sortKey="NONE"/>
<sort5 sortDirection="1" sortKey="NONE"/>
<sort6 sortDirection="1" sortKey="NONE"/>
<sort7 sortDirection="1" sortKey="NONE"/>
</sorter>
</sorter>
<filteredTreeFindHistory/>
</viewState>
</view>
<view id="org.eclipse.ui.views.ContentOutline" partName="Outline">
<viewState/>
</view>
<view id="org.eclipse.jdt.ui.SourceView" partName="Declaration"/>
<view id="org.eclipse.jdt.ui.JavadocView" partName="Javadoc"/>
</views>
<perspectives activePart="org.eclipse.ui.internal.introview" activePerspective="org.eclipse.jdt.ui.JavaPerspective">
<perspective editorAreaTrimState="2" editorAreaVisible="1" fixed="0" version="0.016">
<descriptor class="org.eclipse.jdt.internal.ui.JavaPerspectiveFactory" id="org.eclipse.jdt.ui.JavaPerspective" label="Java"/>
<alwaysOnActionSet id="org.eclipse.egit.ui.navigation"/>
<alwaysOnActionSet id="org.eclipse.mylyn.context.ui.actionSet"/>
<alwaysOnActionSet id="org.eclipse.mylyn.doc.actionSet"/>
<alwaysOnActionSet id="org.eclipse.mylyn.tasks.ui.navigation"/>
<alwaysOnActionSet id="org.eclipse.ui.cheatsheets.actionSet"/>
<alwaysOnActionSet id="org.eclipse.search.searchActionSet"/>
<alwaysOnActionSet id="org.eclipse.ui.edit.text.actionSet.annotationNavigation"/>
<alwaysOnActionSet id="org.eclipse.ui.edit.text.actionSet.navigation"/>
<alwaysOnActionSet id="org.eclipse.ui.edit.text.actionSet.convertLineDelimitersTo"/>
<alwaysOnActionSet id="org.eclipse.ui.externaltools.ExternalToolsSet"/>
<alwaysOnActionSet id="org.eclipse.ui.actionSet.keyBindings"/>
<alwaysOnActionSet id="org.eclipse.ui.actionSet.openFiles"/>
<alwaysOnActionSet id="org.eclipse.debug.ui.launchActionSet"/>
<alwaysOnActionSet id="org.eclipse.jdt.ui.JavaActionSet"/>
<alwaysOnActionSet id="org.eclipse.jdt.ui.JavaElementCreationActionSet"/>
<alwaysOnActionSet id="org.eclipse.ui.NavigateActionSet"/>
<alwaysOnActionSet id="org.eclipse.debug.ui.breakpointActionSet"/>
<alwaysOnActionSet id="org.eclipse.jdt.debug.ui.JDTDebugActionSet"/>
<alwaysOnActionSet id="org.eclipse.jdt.junit.JUnitActionSet"/>
<show_view_action id="org.eclipse.jdt.ui.PackageExplorer"/>
<show_view_action id="org.eclipse.jdt.ui.TypeHierarchy"/>
<show_view_action id="org.eclipse.jdt.ui.SourceView"/>
<show_view_action id="org.eclipse.jdt.ui.JavadocView"/>
<show_view_action id="org.eclipse.search.ui.views.SearchView"/>
<show_view_action id="org.eclipse.ui.console.ConsoleView"/>
<show_view_action id="org.eclipse.ui.views.ContentOutline"/>
<show_view_action id="org.eclipse.ui.views.ProblemView"/>
<show_view_action id="org.eclipse.ui.views.ResourceNavigator"/>
<show_view_action id="org.eclipse.ui.views.TaskList"/>
<show_view_action id="org.eclipse.ui.views.ProgressView"/>
<show_view_action id="org.eclipse.ui.navigator.ProjectExplorer"/>
<show_view_action id="org.eclipse.ui.texteditor.TemplatesView"/>
<show_view_action id="org.eclipse.pde.runtime.LogView"/>
<show_view_action id="org.eclipse.ant.ui.views.AntView"/>
<show_view_action id="org.eclipse.mylyn.tasks.ui.views.tasks"/>
<new_wizard_action id="org.eclipse.jdt.ui.wizards.JavaProjectWizard"/>
<new_wizard_action id="org.eclipse.jdt.ui.wizards.NewPackageCreationWizard"/>
<new_wizard_action id="org.eclipse.jdt.ui.wizards.NewClassCreationWizard"/>
<new_wizard_action id="org.eclipse.jdt.ui.wizards.NewInterfaceCreationWizard"/>
<new_wizard_action id="org.eclipse.jdt.ui.wizards.NewEnumCreationWizard"/>
<new_wizard_action id="org.eclipse.jdt.ui.wizards.NewAnnotationCreationWizard"/>
<new_wizard_action id="org.eclipse.jdt.ui.wizards.NewSourceFolderCreationWizard"/>
<new_wizard_action id="org.eclipse.jdt.ui.wizards.NewSnippetFileCreationWizard"/>
<new_wizard_action id="org.eclipse.jdt.ui.wizards.NewJavaWorkingSetWizard"/>
<new_wizard_action id="org.eclipse.ui.wizards.new.folder"/>
<new_wizard_action id="org.eclipse.ui.wizards.new.file"/>
<new_wizard_action id="org.eclipse.ui.editors.wizards.UntitledTextFileWizard"/>
<new_wizard_action id="org.eclipse.jdt.junit.wizards.NewTestCaseCreationWizard"/>
<new_wizard_action id="org.eclipse.mylyn.tasks.ui.wizards.new.repository.task"/>
<perspective_action id="org.eclipse.jdt.ui.JavaBrowsingPerspective"/>
<perspective_action id="org.eclipse.debug.ui.DebugPerspective"/>
<hide_toolbar_item_id id="org.eclipse.jdt.ui.actions.OpenProjectWizard"/>
<hide_toolbar_item_id id="org.eclipse.ui.edit.text.toggleShowSelectedElementOnly"/>
<view id="org.eclipse.jdt.ui.PackageExplorer"/>
<view id="org.eclipse.ui.views.ProblemView"/>
<view id="org.eclipse.jdt.ui.JavadocView"/>
<view id="org.eclipse.jdt.ui.SourceView"/>
<view id="org.eclipse.ui.views.ContentOutline"/>
<view id="org.eclipse.mylyn.tasks.ui.views.tasks"/>
<view id="org.eclipse.ui.internal.introview"/>
<fastViewBars/>
<layout>
<mainWindow>
<info folder="true" part="left">
<folder activePageID="org.eclipse.jdt.ui.PackageExplorer" appearance="2" expanded="2">
<page content="org.eclipse.jdt.ui.PackageExplorer" label="Package Explorer"/>
<page content="org.eclipse.jdt.ui.TypeHierarchy" label="LabelNotFound"/>
<page content="org.eclipse.ui.views.ResourceNavigator" label="LabelNotFound"/>
<page content="org.eclipse.ui.navigator.ProjectExplorer" label="LabelNotFound"/>
<page content="org.eclipse.jdt.junit.ResultView" label="LabelNotFound"/>
<presentation id="org.eclipse.ui.presentations.WorkbenchPresentationFactory">
<part id="0"/>
</presentation>
</folder>
</info>
<info folder="true" part="org.eclipse.ui.internal.ViewStack@8cbc51" ratio="0.75" ratioLeft="756" ratioRight="252" relationship="2" relative="left">
<folder activePageID="org.eclipse.ui.internal.introview" appearance="2" expanded="1">
<page content="org.eclipse.ui.internal.introview" label="Welcome"/>
<page content="org.eclipse.help.ui.HelpView" label="LabelNotFound"/>
<page content="org.eclipse.ui.cheatsheets.views.CheatSheetView" label="LabelNotFound"/>
<presentation id="org.eclipse.ui.presentations.WorkbenchPresentationFactory">
<part id="0"/>
</presentation>
</folder>
</info>
<info part="org.eclipse.ui.editorss" ratio="0.25" ratioLeft="252" ratioRight="756" relationship="2" relative="left"/>
<info folder="true" part="bottom" ratio="0.7488076" ratioLeft="471" ratioRight="158" relationship="4" relative="org.eclipse.ui.editorss">
<folder activePageID="org.eclipse.ui.views.ProblemView" appearance="2" expanded="2">
<page content="org.eclipse.ui.views.ProblemView" label="Problems"/>
<page content="org.eclipse.jdt.ui.JavadocView" label="Javadoc"/>
<page content="org.eclipse.jdt.ui.SourceView" label="Declaration"/>
<page content="org.eclipse.search.ui.views.SearchView" label="LabelNotFound"/>
<page content="org.eclipse.ui.console.ConsoleView" label="LabelNotFound"/>
<page content="org.eclipse.ui.views.BookmarkView" label="LabelNotFound"/>
<page content="org.eclipse.ui.views.ProgressView" label="LabelNotFound"/>
<presentation id="org.eclipse.ui.presentations.WorkbenchPresentationFactory">
<part id="0"/>
<part id="1"/>
<part id="2"/>
</presentation>
</folder>
</info>
<info folder="true" part="org.eclipse.ui.internal.ViewStack@17a99" ratio="0.75" ratioLeft="567" ratioRight="189" relationship="2" relative="org.eclipse.ui.editorss">
<folder activePageID="org.eclipse.mylyn.tasks.ui.views.tasks" appearance="2" expanded="2">
<page content="org.eclipse.mylyn.tasks.ui.views.tasks" label="Task List"/>
<presentation id="org.eclipse.ui.presentations.WorkbenchPresentationFactory">
<part id="0"/>
</presentation>
</folder>
</info>
<info folder="true" part="right" ratio="0.49893844" ratioLeft="235" ratioRight="236" relationship="4" relative="org.eclipse.ui.internal.ViewStack@17a99">
<folder activePageID="org.eclipse.ui.views.ContentOutline" appearance="2" expanded="2">
<page content="org.eclipse.ui.views.ContentOutline" label="Outline"/>
<page content="org.eclipse.ui.texteditor.TemplatesView" label="LabelNotFound"/>
<page content="org.eclipse.ant.ui.views.AntView" label="LabelNotFound"/>
<presentation id="org.eclipse.ui.presentations.WorkbenchPresentationFactory">
<part id="0"/>
</presentation>
</folder>
</info>
<info part="org.eclipse.egit.ui.RepositoriesView" ratio="0.59936404" ratioLeft="377" ratioRight="252" relationship="4" relative="left"/>
</mainWindow>
</layout>
</perspective>
</perspectives>
<workingSets/>
<navigationHistory/>
<input factoryID="org.eclipse.ui.internal.model.ResourceFactory" path="/" type="8"/>
</page>
<workbenchWindowAdvisor/>
<actionBarAdvisor/>
<trimLayout>
<trimArea IMemento.internal.id="1024">
<trimItem IMemento.internal.id="org.eclise.ui.internal.FastViewBar"/>
<trimItem IMemento.internal.id="org.eclipse.jface.action.StatusLineManager"/>
<trimItem IMemento.internal.id="org.eclipse.ui.internal.progress.ProgressRegion"/>
</trimArea>
</trimLayout>
</window>
<mruList/>
</workbench>